{"v":"5.6.6","ip":0,"op":80,"fr":60,"w":386,"h":382,"layers":[{"ind":629,"nm":"surface1738","ao":0,"ip":0,"op":80,"st":0,"ty":4,"ks":{"ty":"tr","o":{"k":100},"r":{"k":0},"p":{"a":0,"k":[0,0,0],"ix":2},"a":{"k":[0,0]},"s":{"k":[133.33,133.33]},"sk":{"k":0},"sa":{"k":0}},"shapes":[{"ty":"gr","hd":false,"nm":"surface1738","it":[{"ty":"gr","hd":false,"it":[{"ty":"sh","ks":{"k":{"i":[[0,0],[-2.87,2.87],[0,4.06],[2.87,2.87],[4.06,0],[2.87,-2.87],[0,-4.06],[-2.87,-2.87],[-4.06,0]],"o":[[4.06,0],[2.87,-2.87],[0,-4.06],[-2.87,-2.87],[-4.06,0],[-2.87,2.87],[0,4.06],[2.87,2.87],[0,0]],"v":[[116.07,111.67],[126.89,107.19],[131.37,96.36],[126.89,85.54],[116.07,81.06],[105.25,85.54],[100.77,96.36],[105.25,107.19],[116.07,111.67]],"c":true}}},{"ty":"fl","o":{"k":100},"c":{"k":[0.8,0.81,0.84,1]}},{"ty":"tr","o":{"k":100},"r":{"k":0},"p":{"k":[0,0]},"a":{"k":[0,0]},"s":{"k":[100,100]},"sk":{"k":0},"sa":{"k":0},"hd":false}]},{"ty":"gr","hd":false,"it":[{"ty":"sh","ks":{"k":{"i":[[0,0],[2.81,0.02],[1.93,-2.05],[0,0],[0,0]],"o":[[-1.89,-2.08],[-2.81,-0.02],[0,0],[0,0],[0,0]],"v":[[178.12,109.09],[170.74,105.79],[163.31,108.97],[87.31,189.82],[251.62,189.82]],"c":true}}},{"ty":"fl","o":{"k":30},"c":{"k":[0.75,0.76,0.8,1]}},{"ty":"tr","o":{"k":100},"r":{"k":0},"p":{"k":[0,0]},"a":{"k":[0,0]},"s":{"k":[100,100]},"sk":{"k":0},"sa":{"k":0},"hd":false}]},{"ty":"gr","hd":false,"it":[{"ty":"sh","ks":{"k":{"i":[[0,0],[2.7,0.13],[1.99,-1.83],[0,0],[0,0]],"o":[[-1.8,-2.02],[-2.7,-0.13],[0,0],[0,0],[0,0]],"v":[[113.51,136.25],[106.48,132.89],[99.15,135.55],[40.22,189.82],[161.31,189.82]],"c":true}}},{"ty":"fl","o":{"k":100},"c":{"k":[0.89,0.9,0.92,1]}},{"ty":"tr","o":{"k":100},"r":{"k":0},"p":{"k":[0,0]},"a":{"k":[0,0]},"s":{"k":[100,100]},"sk":{"k":0},"sa":{"k":0},"hd":false}]},{"ty":"gr","hd":false,"it":[{"ty":"sh","ks":{"k":{"i":[[0,0],[83.95,0],[0,83.95],[-83.95,0],[0,-83.95]],"o":[[0,83.95],[-83.95,0],[0,-83.95],[83.95,0],[0,0]],"v":[[305.5,153.5],[153.5,305.5],[1.5,153.5],[153.5,1.5],[305.5,153.5]],"c":false}}},{"ty":"st","lc":1,"lj":1,"ml":4,"o":{"k":100},"w":{"k":3},"c":{"k":[0.85,0.85,0.86,1]},"hd":false},{"ty":"tr","o":{"k":100},"r":{"k":0},"p":{"k":[30,31.5]},"a":{"k":[0,0]},"s":{"k":[75,75]},"sk":{"k":0},"sa":{"k":0},"hd":false}]},{"ty":"tr","o":{"k":100},"r":{"k":0},"p":{"k":[0,0]},"a":{"k":[0,0]},"s":{"k":[100,100]},"sk":{"k":0},"sa":{"k":0},"hd":false}]},{"ty":"tm","s":{"a":0,"k":0,"ix":1},"e":{"a":1,"k":[{"i":{"x":[0.35],"y":[1]},"o":{"x":[0.17],"y":[0.17]},"t":0,"s":[25]},{"t":55,"s":[100]}],"ix":2},"o":{"a":0,"k":0,"ix":3},"m":1,"ix":2,"nm":"Trim Paths 1","mn":"ADBE Vector Filter - Trim","hd":false}]}],"meta":{"g":"LF SVG to Lottie"}}